Workbook

Sheet Overview
A1: Date | B1: Strategies | C1: Strategy Equity ($) | D1: Strategy APR | E1: Weights (%) | F1: Total APR | G1: Total Equity
A2: 46105.416 | B2: Lending | C2: =Lending!B3 -> 64051.063 | D2: =Lending!C3 -> 0.041602749 | E2: =C2/sum(C2:C4) -> 0.64017464 | F2: =sum(D2*E2,D3*E3,D4*E4) -> 0.013953724
B3: Delta Neutral | C3: ='Delta Neutral'!B3 -> 31001.21 | D3: ='Delta Neutral'!E3 -> -0.041276286 | E3: =C3/sum(C2:C4) -> 0.30984948
B4: Depeg | C4: =Depeg!B3 -> 5000.2113 | D4: =Depeg!C3 -> 0.0022037537 | E4: =C4/SUM(C2:C4) -> 0.049975884
M5: 0x0BdFcFbd77c0f3170aC5231480BbB1E45eEBa9ae
A6: 46107.41 | B6: Lending | C6: =Lending!B4 -> 54067.868 | D6: =Lending!C4 -> 0.047883444 | E6: =C6/sum(C6:C8) -> 0.53949359 | F6: =sum(D6*E6,D7*E7,D8*E8) -> 0.0098435976
B7: Delta Neutral | C7: ='Delta Neutral'!B4 -> 41151.35 | D7: ='Delta Neutral'!E4 -> -0.039292757 | E7: =C7/sum(C6:C8) -> 0.41061152
B8: Depeg | C8: =Depeg!B4 -> 5000.4499 | D8: =Depeg!C4 -> 0.0029030043 | E8: =C8/SUM(C6:C8) -> 0.049894896
N9: 10000
A10: 46111.415 | B10: Lending | C10: =Lending!B5 -> 49054.455 | D10: =Lending!C5 -> 0.036431568 | E10: =C10/sum(C10:C12) -> 0.49897308 | F10: =sum(D10*E10,D11*E11,D12*E12) -> 0.051926093
B11: Delta Neutral | C11: ='Delta Neutral'!B6 -> 44255.92 | D11: ='Delta Neutral'!E6 -> 0.074639732 | E11: =C11/sum(C10:C12) -> 0.45016324
B12: Depeg | C12: =Depeg!B4 -> 5000.4499 | D12: =Depeg!C4 -> 0.0029030043 | E12: =C12/SUM(C10:C12) -> 0.050863676
A14: 46112.482 | B14: Lending | C14: =Lending!B6 -> 49061.3 | D14: =Lending!C6 -> 0.050930919 | E14: =C14/sum(C14:C16) -> 0.49863575 | F14: =sum(D14*E14,D15*E15,D16*E16) -> 0.06557685
B15: Delta Neutral | C15: ='Delta Neutral'!B7 -> 44329.31 | D15: ='Delta Neutral'!E7 -> 0.090819144 | E15: =C15/sum(C14:C16) -> 0.45054205
B16: Depeg | C16: =Depeg!B4 -> 5000.4499 | D16: =Depeg!C5 -> -0.014500971 | E16: =C16/SUM(C14:C16) -> 0.050822198
A18: 46113.635 | B18: Lending | C18: =Lending!B7 -> 49068.239 | D18: =Lending!C7 -> 0.051626863 | E18: =C18/sum(C18:C20) -> 0.49887436 | F18: =sum(D18*E18,D19*E19,D20*E20) -> 0.061602968
B19: Delta Neutral | C19: ='Delta Neutral'!B8 -> 44289.42 | D19: ='Delta Neutral'!E8 -> 0.079610435 | E19: =C19/sum(C18:C20) -> 0.45028834
B20: Depeg | C20: =Depeg!B5 -> 5000.2513 | E20: =C20/SUM(C18:C20) -> 0.050837307
A22: 46114.576 | B22: Lending | C22: =Lending!B8 -> 57873.899 | D22: =Lending!C8 -> 0.042100359 | E22: =C22/sum(C22:C24) -> 0.5545734 | F22: =sum(D22*E22,D23*E23,D24*E24) -> 0.047725956
B23: Delta Neutral | C23: ='Delta Neutral'!B9 -> 41483.36 | D23: ='Delta Neutral'!E9 -> 0.061327 | E23: =C23/sum(C22:C24) -> 0.39751197
B24: Depeg | C24: =Depeg!B5 -> 5000.2513 | E24: =C24/SUM(C22:C24) -> 0.047914628

Sheet Lending
A1: Date | B1: Equity | C1: APR | D1: Cash flow
A2: 46098.911 | B2: =64000 -> 64000
A3: 46105.408 | B3: =61051.0631+3000 -> 64051.063 | C3: =(B3/B2-1)*365/(int(A3)-int(A2)) -> 0.041602749
A4: 46107.405 | B4: =51067.8685+3000 -> 54067.868 | C4: =((B4-D4)/B3-1)*365/(int(A4)-int(A3)) -> 0.047883444 | D4: -10000
A5: 46111.411 | B5: =39054.4551+10000 -> 49054.455 | C5: =((B5-D5)/B4-1)*365/(int(A5)-int(A4)) -> 0.036431568 | D5: =-3008-9027-3000+10000 -> -5035
A6: 46112.48 | B6: =39059.9386+10001.3614 -> 49061.3 | C6: =((B6-D6)/B5-1)*365/(int(A6)-int(A5)) -> 0.050930919
A7: 46113.633 | B7: =39065.6078+10002.6316 -> 49068.239 | C7: =((B7-D7)/B6-1)*365/(int(A7)-int(A6)) -> 0.051626863
A8: 46114.633 | B8: =39070.4517+10003.3374 +8800.11 -> 57873.899 | C8: =((B8-D8)/B7-1)*365/(int(A8)-int(A7)) -> 0.042100359 | D8: 8800

Sheet Delta Neutral
A1: Date | B1: Equity | C1: Total PnL ($) | D1: Funding ($) | E1: APR (%) | F1: Cash in/out
A2: 46098.911 | B2: 25000
A3: 46105.403 | B3: =13109.92 +14787.44+3103.85 -> 31001.21 | D3: =2.19-1.44-15.81-4.73 -> -19.79 | E3: =(D3/B2)*365/7 -> -0.041276286 | F3: 6000
A4: 46107.409 | B4: =(19991.58-5063.06-1441.73)+14067.77+(13618.62-21.83) -> 41151.35 | D4: =-13.57+0.06-0.11+4.76 -> -8.86 | E4: =(D4/B4)*365/(int(A4)-int(A3)) -> -0.039292757 | F4: 10000
A5: 46108.409 | B5: =7802.13+(41121.18-3273.56-1296.15)+6959.47 -> 51313.07 | D5: =-13.57+0.06-0.11+4.76 -> -8.86 | E5: =(D5/B5)*365/(int(A5)-int(A4)) -> -0.06302293 | F5: =9000 -> 9000
A6: 46111.413 | B6: =(12138.46-2137.89)+(38692.52-1225.9-3211.27) -> 44255.92 | D6: 27.15 | E6: =(D6/B6)*365/(int(A6)-int(A5)) -> 0.074639732
A7: 46112.413 | B7: =(12017.38-2020.41)+34332.34 -> 44329.31 | D7: =38.18-D6 -> 11.03 | E7: =(D7/B7)*365/(int(A7)-int(A6)) -> 0.090819144
A8: 46113 | B8: =34291.4+(12026.07-2028.05) -> 44289.42 | D8: =(19.71+2.1+19.65+6.38)-sum($D$6:D7) -> 9.66 | E8: =(D8/B8)*365/(int(A8)-int(A7)) -> 0.079610435
A9: 46114 | B9: 41483.36 | D9: =(3.9+23.08+2.38+17.44+4.34+3.67)-sum($D$6:D8) -> 6.97 | E9: =(D9/B9)*365/(int(A9)-int(A8)) -> 0.061327

Sheet Depeg
A1: Date | B1: Equity (USDC) | C1: APR
A2: 46098.911 | B2: 5000
A3: 46105.407 | B3: =3000.20996401+2000.00135484 -> 5000.2113 | C3: =(B3/B2-1)*365/(int(A3)-int(A2)) -> 0.0022037537
A4: 46111 | B4: 5000.4499 | C4: =(B4/B3-1)*365/(int(A4)-int(A3)) -> 0.0029030043
A5: 46112.482 | B5: 5000.2513 | C5: =(B5/B4-1)*365/(int(A5)-int(A4)) -> -0.014500971

Sheet Sheet6

Sheet Sheet1
A1: Date | B1: Total Equity | C1: TholosTradexyz Equity | D1: Keystone tradexyz equity | E1: Felix Equity | F1: Lending | G1: Trade depeg | H1: Lending APR(%) | I1: Cash In/Out
A2: 46098.911 | B2: =sum(C2:F2) -> 100073.01 | C2: 12500 | E2: 12573.01 | F2: 75000
A3: 46098.92 | B3: =sum(C3:F3) -> 100034.3 | C3: 12508.9 | E3: =8751.31+3774.09 -> 12525.4 | F3: 75000
A4: 46098.926 | B4: =sum(C4:F4) -> 100036 | C4: 12587.3 | E4: 12448.7 | F4: 75000 | K4: Fees
A5: 46098.988 | B5: =sum(C5:F5) -> 100012.23 | C5: =12640.2+1986.66+(1080-77) -> 15629.86 | E5: 15382.37 | F5: =64000+5000 -> 69000 | I5: 6000 | L5: Symbol | M5: Fee ($) | N5: Fee (%)
A6: 46099.905 | B6: =sum(C6:G6) -> 100027.74 | C6: =12721.71+1974.61 +(1080-77) -> 15699.32 | E6: 15328.42 | F6: =64000 -> 64000 | G6: 5000 | K6: 46098.92 | L6: ORCL | M6: =-(0.09*8+6.4+3.27*2) -> -13.66 | N6: =M6/(8750*2) -> -0.00078057143
A7: 46101.494 | B7: =sum(C7:G7) -> 100048.2 | C7: 12651.04 | D7: 3037.36 | E7: 15339.35 | F7: =61020.2851+3000 -> 64020.285 | G7: =3000.011+2000.14998620912 -> 5000.161 | H7: =(F7/F6-1)*365/(int(A7)-int(A6)) -> 0.05784423 | K7: 46099.92 | L7: MU | M7: =-(2.4+1.29+0.09*3) -> -3.96 | N7: =M7/(3000*2) -> -0.00066
N12: Total fee | O12: =B2-B5 -> 60.78
O13: =O12/sum(C5:E5) -> 0.001959872
